Radius,Area
3,28.274333882308138
0,0
3,4
5,78.53981633974483
6,113.097336
-4.3,6433