a_axis,b_axis,Area
3,4,37.69911184307752
0,0,0
5,2,31.41592653589793
5,6,78.53981633974483
6,7,131.94689145077132
-4.3,5,6433